{"auc": 0.7410106338805965, "curve": {"J_AND_F": [0.0, 0.690892604553103, 0.7638078429337453, 0.792304136375052, 0.8042461826227446, 0.8140569634002116, 0.8212922574816851, 0.8264190671526769, 0.8301320330511072]}}