{"auc": 0.7536653567645948, "curve": {"J_AND_F": [0.0, 0.6704172397436801, 0.7637859534120355, 0.7999465105552793, 0.8228696009424866, 0.8365300224860639, 0.8470619615334152, 0.8565911398963318, 0.864240851094932]}}