{"auc": 0.7292906684366955, "curve": {"J_AND_F": [0.0, 0.690892604553103, 0.7440676048674966, 0.761779408028373, 0.7811903567934043, 0.7980538490219327, 0.8154891848457557, 0.8264165702239498, 0.8328715383190974]}}