{"auc": 0.4725557379295429, "curve": {"J_AND_F": [0.0, 0.41679770088514356, 0.4837635436850539, 0.50673718215315, 0.5165681465889346, 0.5234633177991153, 0.5285621674125184, 0.5349991039407107, 0.5391094819434339]}}