{"auc": 0.7005832817426059, "curve": {"J_AND_F": [0.0, 0.68142985144406, 0.7159445318657214, 0.724490442691486, 0.7516960074630833, 0.7684789200247836, 0.7792938517255457, 0.7856422824176456, 0.7953807326170416]}}