{"auc": 0.44676188479364976, "curve": {"J_AND_F": [0.0, 0.37124672672005626, 0.43005717202221616, 0.4712959894758171, 0.4925916219895981, 0.5064466867774521, 0.5145631174857873, 0.5230850774151155, 0.5296173729263108]}}