{"auc": 0.48241034698226665, "curve": {"J_AND_F": [0.0, 0.41679770088514356, 0.4859469599772515, 0.5154005501882877, 0.5287144492652752, 0.5384100216887003, 0.5458076169280304, 0.5510825626024389, 0.5542458286460106]}}