{"auc": 0.48038281567158003, "curve": {"J_AND_F": [0.0, 0.41679770088514356, 0.4799494984570018, 0.5119555346254652, 0.5278079895325059, 0.5368189026852227, 0.5431640483306128, 0.5489791783124752, 0.5551793450884258]}}