{"auc": 0.65365151960842, "curve": {"J_AND_F": [0.0, 0.5975441942152434, 0.6572168423093985, 0.6936372498879118, 0.7100393435061612, 0.7228069659723649, 0.7312495917920433, 0.7408698351822222, 0.7516962680040306]}}