{"auc": 0.4367190067800331, "curve": {"J_AND_F": [0.0, 0.37124672672005626, 0.4339712078498044, 0.4537251135258924, 0.473843263365696, 0.48936840719670016, 0.5020929744010091, 0.5097091658567672, 0.5195903906486788]}}