{"auc": 0.7077802632340575, "curve": {"J_AND_F": [0.0, 0.68142985144406, 0.7265824078652123, 0.747383888276245, 0.7647924996106081, 0.7751829147353615, 0.7841995806040629, 0.7866173213291845, 0.7921072840154528]}}