{"auc": 0.7470562226232793, "curve": {"J_AND_F": [0.0, 0.6704172397436801, 0.7524824613437066, 0.7933303537622651, 0.8135531613953487, 0.8297136896156544, 0.839960279339304, 0.8488192434543722, 0.8563467046638064]}}