{"auc": 0.4797960132324429, "curve": {"J_AND_F": [0.0, 0.41679770088514356, 0.48238264300558154, 0.5096652962467371, 0.5232830589302616, 0.5368011693119601, 0.54339885457598, 0.5495146212539189, 0.5530495232999213]}}