{"auc": 0.7077338115471665, "curve": {"J_AND_F": [0.0, 0.68142985144406, 0.726397228453982, 0.751740698410231, 0.7650866281831804, 0.7731289508882773, 0.7812785407031008, 0.78610334874929, 0.7934104910904222]}}