{"auc": 0.6953406625111958, "curve": {"J_AND_F": [0.0, 0.68142985144406, 0.7105241350945035, 0.7333314292166461, 0.7458056590929173, 0.75906432549411, 0.7687455263976082, 0.7745389550076569, 0.7785708366841267]}}