{"auc": 0.7333161575712519, "curve": {"J_AND_F": [0.0, 0.690892604553103, 0.7536162764427328, 0.7828887209417102, 0.7959003924645431, 0.8039968854411772, 0.8116908838773894, 0.8163353032114473, 0.8224163872758263]}}