{"auc": 0.7429683844180777, "curve": {"J_AND_F": [0.0, 0.6704172397436801, 0.7506469708795989, 0.787654927889531, 0.8098334341798538, 0.8237932225888078, 0.8343520398913976, 0.8418940025126181, 0.8503104753182674]}}