{"auc": 0.4311710707424894, "curve": {"J_AND_F": [0.0, 0.37124672672005626, 0.4304475624996663, 0.4561148297693066, 0.4709800612473346, 0.4816259671216245, 0.4901902963773483, 0.4967385685723805, 0.5040491072643967]}}