{"auc": 0.6969894961472104, "curve": {"J_AND_F": [0.0, 0.68142985144406, 0.7164612946859816, 0.7397081633508814, 0.7546515708249937, 0.7607217316601161, 0.7626890914854442, 0.7703777145171163, 0.7797531024181795]}}