{"auc": 0.7487354153682801, "curve": {"J_AND_F": [0.0, 0.6704172397436801, 0.7485179147386155, 0.7927448832157574, 0.8172044803045684, 0.8323590151230993, 0.8444018917076821, 0.85316984575227, 0.8621361047211362]}}