{"auc": 0.6699457995877567, "curve": {"J_AND_F": [0.0, 0.5975441942152434, 0.6754524358925026, 0.7082036814052145, 0.7307264323136566, 0.7451887401141883, 0.7556680900715881, 0.7637784316281088, 0.7660087821231021]}}