{"auc": 0.427475854107785, "curve": {"J_AND_F": [0.0, 0.37124672672005626, 0.4253730711816708, 0.45067188816259, 0.46774667188997854, 0.4776506244898146, 0.48652716339499386, 0.49149625023631444, 0.4981888735737223]}}