{"auc": 0.4697688192651049, "curve": {"J_AND_F": [0.0, 0.41679770088514356, 0.4699264344207913, 0.49503035225485303, 0.5105033235958187, 0.5197179978520766, 0.53380424940308, 0.539664748963526, 0.5454114934910996]}}