{"auc": 0.433104376587947, "curve": {"J_AND_F": [0.0, 0.37124672672005626, 0.42422173688228815, 0.45096063969282185, 0.47163600158800606, 0.4873122388503376, 0.49872980136627865, 0.5045228272060709, 0.5124100807954332]}}