{"auc": 0.4385885189974468, "curve": {"J_AND_F": [0.0, 0.37124672672005626, 0.4364933433475945, 0.4598112416040374, 0.4766344792340912, 0.4928347470676374, 0.5025045225987332, 0.5096991719642373, 0.5189678388863738]}}