{"auc": 0.7108625052462577, "curve": {"J_AND_F": [0.0, 0.68142985144406, 0.7284316311670824, 0.7518799803357228, 0.7687215743236847, 0.7783323658940325, 0.7858987115099343, 0.7932640568577763, 0.7978837408755372]}}