{"auc": 0.7368851377651324, "curve": {"J_AND_F": [0.0, 0.690892604553103, 0.7513053818533258, 0.7874786583320381, 0.80169099053, 0.8099514259489824, 0.8173902259422774, 0.822817522395378, 0.8271085851319098]}}