{"auc": 0.6689254495546625, "curve": {"J_AND_F": [0.0, 0.5975441942152434, 0.6749314502705942, 0.7115471784270104, 0.7317177144658973, 0.744316175822178, 0.7496526139551094, 0.7605327198489816, 0.762323098864571]}}