{"auc": 0.6535264261218106, "curve": {"J_AND_F": [0.0, 0.5975441942152434, 0.6486545764499096, 0.680398249829377, 0.703751528540968, 0.7243940659775779, 0.7400375071506139, 0.7526654784940193, 0.7615316166335496]}}