{"auc": 0.7346580779791765, "curve": {"J_AND_F": [0.0, 0.6704172397436801, 0.7272500446374031, 0.762008388846404, 0.7981693340378802, 0.8136726978100526, 0.8274519166643876, 0.8486923464057389, 0.859205311375731]}}