{"auc": 0.7232851529075788, "curve": {"J_AND_F": [0.0, 0.690892604553103, 0.7440973426037458, 0.7667384990606033, 0.779936676675982, 0.7919742974217803, 0.799647984194204, 0.8074579390167996, 0.8110717594688248]}}