{"auc": 0.7402385665194499, "curve": {"J_AND_F": [0.0, 0.690892604553103, 0.7612468153747917, 0.7913073083883853, 0.8049989071796116, 0.8142452618375862, 0.8195715197433278, 0.8248950096289238, 0.8295022108997391]}}