{"auc": 0.6663085570581508, "curve": {"J_AND_F": [0.0, 0.5975441942152434, 0.6685367821834063, 0.7007616075171429, 0.7244758557162988, 0.7411218431164319, 0.7520302465797819, 0.7604142289595984, 0.771167396354607]}}