{"auc": 0.7533581020037454, "curve": {"J_AND_F": [0.0, 0.6704172397436801, 0.7642125241784183, 0.7993870178697481, 0.8235544676321617, 0.8376608857125576, 0.8462898920079518, 0.8545604698597377, 0.8615646380514156]}}