{"auc": 0.6605317607431623, "curve": {"J_AND_F": [0.0, 0.5975441942152434, 0.6629465691551572, 0.6960960749847054, 0.7211210266450552, 0.7344179760791185, 0.7414912023706802, 0.751523505258871, 0.7582270744729357]}}