{"auc": 0.4749381311942894, "curve": {"J_AND_F": [0.0, 0.41679770088514356, 0.4769724622683348, 0.5030955869447034, 0.5168010542935809, 0.5284707519999109, 0.5378914890485167, 0.545131340170345, 0.5486893278875606]}}